Product_ID,Product_Name,Total_Sales,Profit
TEC-CO-10004722,"Canon imageCLASS 2200 Advanced Copier",61599.82,25199.93
OFF-BI-10003527,"Fellowes PB500 Electric Punch Plastic Comb Binding Machine with Manual Bind",27453.38,7753.04
TEC-CO-10001449,"Hewlett Packard LaserJet 3310 Copier",18839.69,6983.88
TEC-CO-10003763,"Canon PC1060 Personal Laser Copier",11619.83,4570.93
TEC-AC-10002049,"Logitech G19 Programmable Gaming Keyboard",13756.54,4425.34
TEC-MA-10001127,"HP Designjet T520 Inkjet Large Format Printer - 24" Color",18374.9,4094.98
TEC-MA-10003979,"Ativa V4110MDD Micro-Cut Shredder",7699.89,3772.95
TEC-MA-10001047,"3D Systems Cube Printer, 2nd Generation, Magenta",14299.89,3717.97
OFF-BI-10001120,"Ibico EPK-21 Electric Binding System",15875.92,3345.28
TEC-MA-10000045,"Zebra ZM400 Thermal Label Printer",6965.7,3343.54
OFF-AP-10002945,"Honeywell Enviracaire Portable HEPA Air Cleaner for 17' x 22' Room",11304.44,3247.02
TEC-CO-10002095,"Hewlett Packard 610 Color Digital Copier / Printer",8899.82,3124.94
TEC-AC-10003033,"Plantronics CS510 - Over-the-Head monaural Wireless Headset System",10822.36,3085.03
TEC-CO-10001046,"Canon Imageclass D680 Copier / Fax",8959.87,2799.96
OFF-BI-10003925,"Fellowes PB300 Plastic Comb Binding Machine",8070.19,2518.06
OFF-BI-10004600,"Ibico Ibimaster 300 Manual Binding System",7985.38,2318.34
TEC-AC-10003870,"Logitech Z-906 Speaker sys - home theater - 5.1-CH",5609.83,2243.93
OFF-BI-10001359,"GBC DocuBind TL300 Electric Binding System",19823.48,2233.51
TEC-AC-10001838,"Razer Tiamat Over Ear 7.1 Surround Sound PC Gaming Headset",5119.74,2155.89
TEC-CO-10001766,"Canon PC940 Copier",5669.87,2092.45
TEC-CO-10004115,"Sharp AL-1530CS Digital Copier",6399.87,2064.96
OFF-ST-10001490,"Hot File 7-Pocket, Floor Stand",8138.23,2016.71
TEC-MA-10002927,"Canon imageCLASS MF7460 Monochrome Digital Laser Multifunction Copier",3991.98,1995.99
TEC-AC-10003832,"Logitech P710e Mobile Speakerphone",11203.76,1987.93
TEC-CO-10002313,"Canon PC1080F Personal Copier",5999.9,1973.97
OFF-ST-10003208,"Adjustable Depth Letter/Legal Cart",7730.2,1932.55
FUR-CH-10000454,"Hon Deluxe Fabric Upholstered Stacking Chairs, Rounded Back",10637.53,1927.44
TEC-PH-10001459,"Samsung Galaxy Mega 6.3",13943.67,1822.76
TEC-CO-10003236,"Canon Image Class D660 Copier",3959.93,1691.97
TEC-MA-10003673,"Hewlett-Packard Desktjet 6988DT Refurbished Printer",3404.5,1668.2
OFF-AP-10000275,"Sanyo Counter Height Refrigerator with Crisper, 3.6 Cubic Foot, Stainless Steel/Black",5906.52,1653.83
TEC-CO-10001571,"Sharp 1540cs Digital Laser Copier",4399.92,1649.97
OFF-ST-10002615,"Dual Level, Single-Width Filing Carts",6574.54,1640.53
TEC-PH-10002885,"Apple iPhone 5",12996.6,1611.58
OFF-BI-10003091,"GBC DocuBind TL200 Manual Binding Machine",4322.81,1592.5
OFF-ST-10000078,"Tennsco 6- and 18-Compartment Lockers",10925,1575.11
FUR-CH-10004063,"Global Deluxe High-Back Manager's Chair",8665.19,1558.59
FUR-CH-10002320,"Hon Pagoda Stacking Chairs",6483.8,1540.7
OFF-LA-10003930,"Dot Matrix Printer Tape Reel Labels, White, 5000/Box",3322.88,1517.91
OFF-AP-10003057,"Honeywell Enviracaire Portable HEPA Air Cleaner for 16' x 20' Room",3855.18,1503.52
TEC-CO-10001943,"Canon PC-428 Personal Copier",4119.79,1469.93
TEC-MA-10000010,"Hewlett-Packard Deskjet 3050a All-in-One Color Inkjet Printer",3040,1459.2
TEC-AC-10004145,"Logitech diNovo Edge Keyboard",7399.7,1432.44
FUR-CH-10004086,"Hon 4070 Series Pagoda Armless Upholstered Stacking Chairs",8431,1388.63
OFF-ST-10001526,"Iceberg Mobile Mega Data/Printer Cart ",5751.77,1388.61
OFF-ST-10000142,"Deluxe Rollaway Locking File with Drawer",5572.79,1380.72
TEC-MA-10000488,"Bady BDG101FRU Card Printer",9279.88,1327.98
FUR-CH-10001854,"Office Star - Professional Matrix Back Chair with 2-to-1 Synchro Tilt and Mesh Fabric Seat",8774.5,1305.65
FUR-CH-10002073,"Hon Olson Stacker Chairs",5427.99,1292.13
OFF-PA-10000994,"Xerox 1915",2789.01,1262.39
OFF-ST-10001496,"Standard Rollaway File with Lock",6594.95,1261.33
FUR-FU-10002937,"GE 48" Fluorescent Tube, Cool White Energy Saver, 34 Watts, 30/Box",2699.06,1260.22
OFF-ST-10003306,"Letter Size Cart",4600.09,1252.88
FUR-CH-10002335,"Hon GuestStacker Chair",6936.1,1233.08
TEC-AC-10004666,"Maxell iVDR EX 500GB Cartridge",2755.4,1184.82
FUR-CH-10004287,"SAFCO Arco Folding Chair",11572.78,1179.37
TEC-PH-10000984,"Panasonic KX-TG9471B",4978.15,1168.1
TEC-CO-10004202,"Brother DCP1000 Digital 3 in 1 Multifunction Machine",4859.84,1154.96
TEC-PH-10003072,"Panasonic KX-TG9541B DECT 6.0 Digital 2-Line Expandable Cordless Phone With Digital Answering System",3059.8,1147.42
OFF-ST-10001780,"Tennsco 16-Compartment Lockers with Coat Rack",7515.52,1114.37
OFF-ST-10002011,"Smead Adjustable Mobile File Trolley with Lockable Top",4778.77,1106.66
TEC-PH-10002624,"Samsung Galaxy S4 Mini",6109.87,1104.48
TEC-MA-10002428,"Fellowes Powershred HS-440 4-Sheet High Security Shredder",2541.84,1092.68
OFF-BI-10004318,"Ibico EB-19 Dual Function Manual Binding System",3234.91,1086.38
TEC-PH-10001795,"ClearOne CHATAttach 160 - speaker phone",6935.86,1056.38
FUR-CH-10003746,"Hon 4070 Series Pagoda Round Back Stacking Chairs",5906.03,1052.81
OFF-BI-10004390,"GBC DocuBind 200 Manual Binding Machine",4209.8,1052.45
TEC-PH-10004586,"Wilson SignalBoost 841262 DB PRO Amplifier Kit",5327.26,1043.86
TEC-PH-10000730,"Samsung Galaxy S4 Active",3999.92,1039.98
OFF-PA-10001970,"Xerox 1881",2167.35,1006.44
TEC-AC-10004171,"Razer Kraken 7.1 Surround Sound Over Ear USB Gaming Headset",2619.74,995.9
FUR-CH-10004675,"Lifetime Advantage Folding Chairs, 4/Carton",5212.11,972.64
TEC-PH-10001760,"Bose SoundLink Bluetooth Speaker",2865.6,967.14
OFF-AP-10001058,"Sanyo 2.5 Cubic Foot Mid-Size Office Refrigerators",4476.96,956.95
FUR-CH-10001215,"Global Troy Executive Leather Low-Back Tilter",12975.38,951.86
OFF-PA-10000357,"White Dual Perf Computer Printout Paper, 2700 Sheets, 1 Part, Heavyweight, 20 lbs., 14 7/8 x 11",2141.63,947.53
TEC-PH-10003012,"Nortel Meridian M3904 Professional Digital phone",4434.91,936.26
FUR-CH-10003379,"Global Commerce Series High-Back Swivel/Tilt Chairs",7979.44,926.18
TEC-PH-10002496,"Cisco SPA301",4180.53,904.74
TEC-PH-10000895,"Polycom VVX 310 VoIP phone",6227.65,899.95
TEC-PH-10001494,"Polycom CX600 IP Phone VoIP phone",4619.23,896.85
TEC-AC-10004571,"Logitech G700s Rechargeable Gaming Mouse",2339.77,889.91
TEC-AC-10000990,"Imation Bio 2GB USB Flash Drive Imation Corp",2098.88,881.53
TEC-MA-10000984,"Okidata MB760 Printer",7834.4,881.37
TEC-PH-10001835,"Jawbone JAMBOX Wireless Bluetooth Speaker",2022.27,872.1
FUR-CH-10000595,"Safco Contoured Stacking Chairs",5697.76,870.16
FUR-CH-10004495,"Global Leather and Oak Executive Chair, Black",6410.87,854.78
OFF-PA-10004359,"Multicolor Computer Printout Paper",1887.3,851.38
TEC-CO-10000971,"Hewlett Packard 310 Color Digital Copier",4199.86,839.97
TEC-PH-10004977,"Electrix Architect's Clamp-On Swing Arm Lamp, Black",5291.73,838.84
FUR-CH-10000988,"Hon Olson Stacker Stools",5294.46,833.6
FUR-CH-10002331,"Hon 4700 Series Mobuis Mid-Back Task Chairs with Adjustable Arms",7582.37,832.99
FUR-CH-10000015,"Hon Multipurpose Stacking Arm Chairs",6584.64,814.42
FUR-CH-10000785,"Global Ergonomic Managers Chair",6008.54,785.45
TEC-PH-10004165,"Mitel MiVoice 5330e IP Phone",7699.72,780.97
FUR-BO-10002545,"Global Fabric Manager's Chair, Dark Gray",7539.71,780.33
FUR-CH-10003973,"GuestStacker Chair with Chrome Finish Legs",9070.94,773.26
TEC-AC-10002001,"Logitech Wireless Gaming Headset G930",2879.82,763.15
OFF-BI-10000545,"GBC Ibimaster 500 Manual ProClick Binding System",19024.5,760.98
OFF-PA-10000100,"Xerox 1945",1696.99,756.27
TEC-AC-10003174,"Plantronics S12 Corded Telephone Headset System",2242.03,754.53
FUR-CH-10000847,"Global Executive Mid-Back Manager's Chair",4626.58,750.73
OFF-PA-10000418,"Xerox 189",1782.45,746.53
TEC-PH-10004539,"Wireless Extenders zBoost YX545 SOHO Signal Booster",4044.39,733.28
OFF-PA-10000675,"Xerox 1919",1565.82,729.62
TEC-AC-10003911,"NETGEAR AC1750 Dual Band Gigabit Smart WiFi Router",2623.84,723.15
TEC-AC-10001432,"Enermax Aurora Lite Keyboard",1641.15,722.11
TEC-AC-10001908,"Logitech Wireless Headset h800",2799.72,719.93
OFF-AP-10003849,"Hoover Shoulder Vac Commercial Portable Vacuum",5009.48,715.64
TEC-PH-10002834,"Google Nexus 5",3815.79,710.96
OFF-PA-10003395,"Xerox 1941",1740.51,704.59
FUR-CH-10001394,"Global Leather Executive Chair",5861.53,701.98
TEC-AC-10003095,"Logitech G35 7.1-Channel Surround Sound Headset",2157.83,699.35
OFF-AP-10003590,"Hoover WindTunnel Plus Canister Vacuum",3051.3,697.44
FUR-CH-10000309,"Global Comet Stacking Arm Chair",6084.14,697.14
OFF-ST-10000585,"Economy Rollaway Files",3138.8,693.84
OFF-BI-10003656,"Fellowes PB200 Plastic Comb Binding Machine",4181.75,693.56
TEC-AC-10000844,"Logitech Gaming G510s - Keyboard",2362.72,676.52
TEC-PH-10002103,"Jabra SPEAK 410",3158.06,654.17
TEC-MA-10004212,"Cisco SPA525G2 5-Line IP Phone",1379.92,648.56
TEC-AC-10004469,"Microsoft Sculpt Comfort Mouse",1574.03,634.41
OFF-EN-10000056,"Cameo Buff Policy Envelopes",1555.75,632.26
TEC-AC-10003198,"Enermax Acrylux Wireless Keyboard",2450.16,630.47
FUR-FU-10003664,"#10-4 1/8" x 9 1/2"" Premium Diagonal Seam Envelopes"",2863.8,627.17
TEC-AC-10000892,"NETGEAR N750 Dual Band Wi-Fi Gigabit Router",1890,622.8
OFF-PA-10001033,"Xerox 1893",1434.65,619.36
FUR-TA-10001307,"SAFCO PlanMaster Heigh-Adjustable Drafting Table Base, 43w x 30d x 30-37h, Black",3739.12,608.04
TEC-PH-10003601,"Ativa D5772 2-Line 5.8GHz Digital Expandable Corded/Cordless Phone System with Answering & Caller ID/Call Waiting, Black/Silver",1979.88,593.96
TEC-PH-10002114,"Xiaomi Mi3",2279.96,592.79
TEC-AC-10004975,"Plantronics Audio 995 Wireless Stereo Headset",1913.13,587.13
TEC-PH-10002310,"Panasonic KX T7731-B Digital phone",3168.61,581.65
OFF-AP-10002118,"Premium Writing Pencils, Soft, #2 by Central Association for the Blind",2706.08,578.68
TEC-PH-10001557,"Pyle PMP37LED",3590.03,576.9
TEC-PH-10003645,"Aastra 57i VoIP phone",3684.71,575.33
OFF-PA-10003228,"Xerox 1917",1222.75,574.69
FUR-CH-10000665,"Global Airflow Leather Mesh Back Chair, Black",3955.68,573.72
TEC-PH-10001336,"Digium D40 VoIP phone",3044.16,571.43
OFF-EN-10003296,"Tyvek Side-Opening Peel & Seel Expanding Envelopes",1266.72,570.02
FUR-FU-10004665,"3M Polarizing Task Lamp with Clamp Arm, Light Gray",2191.68,569.84
OFF-BI-10001718,"GBC DocuBind P50 Personal Binding Machine",2264.89,569.42
FUR-BO-10004695,"O'Sullivan 2-Door Barrister Bookcase in Odessa Pine",4886.46,566.47
OFF-AP-10000891,"Kensington 7 Outlet MasterPiece HOMEOFFICE Power Control Center",2491.28,563.82
OFF-BI-10001071,"GBC ProClick Punch Binding System",1573.91,562.38
OFF-EN-10003001,"Ames Color-File Green Diamond Border X-ray Mailers",1360.48,559.31
TEC-AC-10002926,"Logitech Wireless Marathon Mouse M705",1409.72,554.89
OFF-AP-10001005,"Honeywell Quietcare HEPA Air Cleaner",1761.76,549.76
TEC-PH-10003691,"BlackBerry Q10",3099.35,548.06
OFF-PA-10001289,"White Computer Printout Paper by Universal",1279.08,547.68
OFF-PA-10001878,"Xerox 1891",1320.57,542.9
FUR-TA-10004619,"Hon Non-Folding Utility Tables",3775.65,541.65
TEC-AC-10000736,"Logitech G600 MMO Gaming Mouse",1615.8,540.73
TEC-PH-10001944,"Wi-Ex zBoost YX540 Cellular Phone Signal Booster",2481.15,540.02
OFF-ST-10003805,"24 Capacity Maxi Data Binder Racks, Pearl",3537.24,536.9
TEC-AC-10003628,"Logitech 910-002974 M325 Wireless Mouse for Web Scrolling",1409.53,536.22
OFF-PA-10000806,"Xerox 1934",1097.21,526.21
OFF-LA-10003510,"Avery 4027 File Folder Labels for Dot Matrix Printers, 5000 Labels per Box, White",1233.41,524.51
TEC-PH-10001578,"Polycom SoundStation2 EX Conference phone",3968.51,518.34
TEC-AC-10003610,"Logitech Illuminated - Keyboard",1139.81,515.91
TEC-PH-10001817,"Wilson Electronics DB Pro Signal Booster",8878.4,515.52
TEC-AC-10002567,"Logitech G602 Wireless Gaming Mouse",1999.75,515.14
TEC-AC-10002800,"Plantronics Audio 478 Stereo USB Headset",1619.68,514.9
OFF-EN-10002230,"Airmail Envelopes",1359.67,514.49
FUR-CH-10000155,"Global Comet Stacking Armless Chair",3528.79,514.37
TEC-PH-10001363,"Apple iPhone 5S",4901.91,512.99
OFF-ST-10001932,"Fellowes Staxonsteel Drawer Files",4829.25,509.97
TEC-MA-10004002,"Zebra GX420t Direct Thermal/Thermal Transfer Printer",5787.36,509.71
FUR-CH-10004218,"Plantronics HL10 Handset Lifter",3150.58,499.85
TEC-AC-10002842,"WD My Passport Ultra 2TB Portable External Hard Drive",3998.4,499.8
FUR-CH-10002084,"Hon Mobius Operator's Chair",2705.78,499.34
TEC-AC-10001606,"Logitech Wireless Performance Mouse MX for PC and Mac",1799.82,497.95
OFF-PA-10003302,"Xerox 1906",1098.64,497.58
OFF-BI-10003650,"GBC DocuBind 300 Electric Binding Machine",6785.14,494.42
FUR-CH-10004853,"Global Manager's Adjustable Task Chair, Storm",2959.21,493.7
OFF-PA-10004071,"Eaton Premium Continuous-Feed Paper, 25% Cotton, Letter Size, White, 1000 Shts/Box",1098.5,492.66
OFF-BI-10004519,"GBC DocuBind P100 Manual Binding Machine",2954.44,489.64
FUR-CH-10002602,"DMI Arturo Collection Mission-style Design Wood Chair",4619.99,486.16
OFF-ST-10004340,"Fellowes Mobile File Cart, Black",2300.66,485
TEC-AC-10002402,"Razer Kraken PRO Over Ear PC and Music Headset",2159.73,479.94
TEC-PH-10000441,"VTech DS6151",2746.58,478.76
OFF-AP-10000938,"Avanti 1.7 Cu. Ft. Refrigerator",2221.56,476.63
TEC-PH-10002447,"Home/Office Personal File Carts",1936.31,473.78
OFF-ST-10000046,"Fellowes Super Stor/Drawer Files",4006.44,473.34
TEC-PH-10004094,"Motorola L703CM",4211.73,467.97
OFF-PA-10000474,"Easy-staple paper",1105.73,467.1
TEC-MA-10000864,"Cisco 9971 IP Video Phone Charcoal",4268,466.4
TEC-MA-10003183,"DYMO CardScan Personal V9 Business Card Scanner",1343.92,463.97
OFF-PA-10001815,"Xerox 1885",960.8,461.18
FUR-TA-10003569,"Bretford CR8500 Series Meeting Room Furniture",6776.56,461.13
OFF-AP-10002651,"Hoover Upright Vacuum With Dirt Cup",6832.91,460.35
OFF-PA-10000482,"Telephone Message Books with Fax/Mobile Section, 5 1/2" x 3 3/16"""",1016.79,453.76
OFF-BI-10002867,"GBC Recycled Regency Composition Covers",1291.25,451.94
FUR-FU-10000965,"Howard Miller 11-1/2" Diameter Ridgewood Wall Clock",1184.23,448.76
FUR-TA-10003748,"Bevis 36 x 72 Conference Tables",4332.25,448.16
OFF-AR-10000380,"Hunt PowerHouse Electric Pencil Sharpener, Blue",1617.95,448.16
TEC-PH-10002584,"Samsung Galaxy S4",6134.7,438.19
FUR-FU-10004864,"Howard Miller 14-1/2" Diameter Chrome Round Wall Clock",1834.81,436.44
TEC-PH-10002726,"Avery Binding System Hidden Tab Executive Style Index Sets",1112.79,430.42
FUR-TA-10000617,"Hon Practical Foundations 30 x 60 Training Table, Light Gray/Charcoal",4334.83,430.07
OFF-ST-10003716,"Tennsco Double-Tier Lockers",9630.86,429.79
TEC-AC-10000420,"Logitech G500s Laser Gaming Mouse with Adjustable Weight Tuning",1399.8,429.74
FUR-CH-10001708,"Office Star - Contemporary Swivel Chair with Padded Adjustable Arms and Flex Back",3989.73,425.76
TEC-PH-10004447,"Toshiba IPT2010-SD IP Telephone",3613.74,425.31
OFF-PA-10001497,"Xerox 1914",956.3,423.74
TEC-PH-10002922,"ShoreTel ShorePhone IP 230 VoIP phone",2906.63,422.48
OFF-EN-10001453,"Tyvek Interoffice Envelopes, 9 1/2" x 12 1/2", 100/Box",939.09,421.98
OFF-ST-10003816,"Fellowes High-Stak Drawer Files",3946.66,419.33
TEC-PH-10000526,"Vtech CS6719",2630.13,418.52
OFF-AP-10000179,"Honeywell Enviracaire Portable HEPA Air Cleaner for up to 10 x 16 Room",1320.17,417.02
OFF-PA-10002377,"Xerox 1916",1004.65,415.28
OFF-ST-10000036,"Recycled Data-Pak for Archival Bound Computer Printouts, 12-1/2 x 12-1/2 x 16",1857.25,414.92
FUR-CH-10004626,"Office Star Flex Back Scooter Chair with Aluminum Finish Frame",1947.18,413.65
OFF-BI-10003718,"GBC Therma-A-Bind 250T Electric Binding System",1180.7,413.25
TEC-PH-10001619,"LG G3",1803.11,411.58
TEC-AC-10002473,"Maxell 4.7GB DVD-R",1231.69,411.23
FUR-BO-10002916,"Rush Hierlooms Collection 1" Thick Stackable Bookcases",2487.76,410.35
TEC-AC-10004659,"Imation Secure+ Hardware Encrypted USB 2.0 Flash Drive; 16GB",1926.94,408.74
OFF-PA-10001125,"Xerox 1988",1102.89,404.29
OFF-AP-10002684,"Acco 7-Outlet Masterpiece Power Center, Wihtout Fax/Phone Line Protection",3039.5,401.21
OFF-PA-10003641,"Xerox 1909",970.78,400.98
TEC-AC-10002253,"Imation Bio 8GB USB Flash Drive Imation Corp",2659.84,398.98
TEC-PH-10002660,"Nortel Networks T7316 E Nt8 B27",1876.52,397.74
TEC-MA-10002859,"Ativa MDM8000 8-Sheet Micro-Cut Shredder",917.9,393.26
OFF-ST-10000689,"Fellowes Strictly Business Drawer File, Letter/Legal Size",4479.03,388.75
TEC-PH-10003505,"Geemarc AmpliPOWER60",3415.04,384.19
OFF-AP-10000828,"Avanti 4.4 Cu. Ft. Refrigerator",3511.01,383.68
OFF-AP-10002311,"Holmes Replacement Filter for HEPA Air Cleaner, Very Large Room, HEPA Filter",1383.08,381.21
OFF-PA-10000062,"Green Bar Computer Printout Paper",857.38,380.87
OFF-AP-10004487,"Kensington 4 Outlet MasterPiece Compact Power Control Center",2488.39,380.58
TEC-AC-10001539,"Logitech G430 Surround Sound Gaming Headset with Dolby 7.1 Technology",1247.84,377.55
TEC-PH-10000673,"Plantronics Voyager Pro HD - Bluetooth Headset",1221.81,376.94
OFF-AP-10000576,"Belkin 7 Outlet SurgeMaster II",2010.85,376.49
OFF-PA-10001144,"Xerox 1913",865.49,375.04
OFF-AP-10001394,"Harmony Air Purifier",1946.7,374.22
OFF-BI-10002735,"GBC Prestige Therm-A-Bind Covers",1073.9,364.72
FUR-BO-10002598,"Hon Metal Bookcases, Putty",1320.23,362.71
TEC-PH-10002352,"Avaya IP Phone 1140E VoIP phone",1394.95,362.69
FUR-FU-10003192,"Luxo Adjustable Task Clamp Lamp",1545.82,362.47
TEC-AC-10000474,"Kensington Expert Mouse Optical USB Trackball for PC or Mac",1690.82,360.96
TEC-MA-10004241,"Star Micronics TSP800 TSP847IIU Receipt Printer",1286.85,360.32
TEC-AC-10001990,"Kensington Orbit Wireless Mobile Trackball for PC and Mac",1703.72,357.54
OFF-PA-10000157,"Xerox 191",767.23,354.25
FUR-TA-10003392,"Global Adaptabilities Conference Tables",3540.35,354.03
OFF-PA-10002254,"Xerox 1883",881.09,354.02
TEC-PH-10002200,"Samsung Galaxy Note 2",7437.89,353.79
OFF-BI-10002026,"Avery Arch Ring Binders",2068.82,349.63
FUR-FU-10004188,"Luxo Professional Combination Clamp-On Lamps",1329.9,345.77
FUR-CH-10004983,"Office Star - Mid Back Dual function Ergonomic High Back Chair with 2-Way Adjustable Arms",4185.48,342.89
TEC-PH-10001128,"Motorola Droid Maxx",2609.83,341.98
FUR-FU-10002253,"Howard Miller 13" Diameter Pewter Finish Round Wall Clock",1047.74,340.51
TEC-PH-10003273,"AT&T TR1909W",1738.66,340.17
TEC-PH-10002415,"Polycom VoiceStation 500 Conference phone",3657.38,339.19
FUR-CH-10001270,"Harbour Creations Steel Folding Chair",2389.12,336.38
TEC-PH-10000455,"GE 30522EE2",1159.9,336.37
OFF-PA-10003039,"Xerox 1960",879.83,334.58
OFF-BI-10000632,"Satellite Sectional Post Binders",1219.82,329.05
OFF-BI-10000977,"Ibico Plastic Spiral Binding Combs",1100.48,328.93
OFF-PA-10003892,"Global Value Mid-Back Manager's Chair, Gray",743.43,328.68
TEC-PH-10002033,"Konftel 250 ConferenceÂ phoneÂ - Charcoal black",2221.6,324.69
TEC-PH-10004536,"Avaya 5420 Digital phone",1538.89,323.98
FUR-FU-10004091,"Howard Miller 13" Diameter Goldtone Round Wall Clock",1117.43,322.95
OFF-PA-10003129,"Tops White Computer Printout Paper",684.74,321.83
TEC-AC-10001465,"SanDisk Cruzer 64 GB USB Flash Drive",1184.03,319.62
FUR-FU-10000308,"Deflect-o Glass Clear Studded Chair Mats",1579.37,318.36
TEC-PH-10000369,"HTC One Mini",2041.04,317.49
TEC-PH-10003484,"Ooma Telo VoIP Home Phone System",2015.84,314.98
FUR-FU-10004306,"Electrix Halogen Magnifier Lamp",2759.06,314.77
OFF-PA-10001954,"Xerox 1964",721.74,314.74
TEC-PH-10002563,"Adtran 1202752G1",1990.64,312.46
FUR-TA-10001771,"Bush Cubix Conference Tables, Fully Assembled",3603.29,311.82
FUR-FU-10001185,"Advantus Employee of the Month Certificate Frame, 11 x 13-1/2",822.74,311.77
OFF-AP-10003779,"Kensington 7 Outlet MasterPiece Power Center with Fax/Phone Line Protection",1473.11,311.22
FUR-BO-10000362,"Sauder Inglewood Library Bookcases",2154.35,311.18
OFF-AR-10002135,"Boston Heavy-Duty Trimline Electric Pencil Sharpeners",1166.44,310.89
OFF-EN-10001434,"Strathmore #10 Envelopes, Ultimate White",632.52,309.93
OFF-PA-10001357,"Xerox 1886",651.44,302.73
TEC-PH-10001819,"Innergie mMini Combo Duo USB Travel Charging Kit",746.83,302.33
OFF-LA-10002762,"Longer-Life Soft White Bulbs",639.03,300.34
TEC-PH-10004345,"Cisco SPA 502G IP Phone",2063.14,299.88
OFF-EN-10003055,"Blue String-Tie & Button Interoffice Envelopes, 10 x 13",783.61,299.85
OFF-AP-10004540,"Eureka The Boss Lite 10-Amp Upright Vacuum, Blue",1042.08,291.78
OFF-AP-10002734,"Holmes Harmony HEPA Air Purifier for 17 x 20 Room",675.12,290.3
FUR-FU-10000576,"Luxo Professional Fluorescent Magnifier Lamp with Clamp-Mount Base",3861.06,289.58
FUR-FU-10001979,"Dana Halogen Swing-Arm Architect Lamp",1114.38,288.43
OFF-ST-10001272,"Mini 13-1/2 Capacity Data Binder Rack, Pearl",1465.74,287.91
TEC-AC-10001109,"Logitech Trackman Marble Mouse",773.74,286.7
OFF-PA-10001736,"Xerox 1880",623.74,285.65
TEC-PH-10004389,"Nokia Lumia 925",1310.3,284.74
OFF-BI-10001989,"Premium Transparent Presentation Covers by GBC",753.18,284.07
FUR-CH-10004477,"Global Push Button Manager's Chair, Indigo",2185.95,283.75
FUR-CH-10004997,"Hon Every-Day Series Multi-Task Chairs",6748.48,281.97
OFF-BI-10001543,"GBC VeloBinder Manual Binding System",842.17,280.72
TEC-AC-10001772,"Memorex Mini Travel Drive 16 GB USB 2.0 Flash Drive",718.65,280.27
OFF-PA-10004327,"Xerox 1911",603.54,279.74
OFF-PA-10004475,"Xerox 1940",615.55,279.2
OFF-PA-10002923,"Xerox 1942",597.07,278.96
OFF-ST-10002974,"Trav-L-File Heavy-Duty Shuttle II, Black",1193.82,278.85
OFF-ST-10003282,"Verbatim 25 GB 6x Blu-ray Single Layer Recordable Disc, 25/Pack",1051.78,277.29
TEC-PH-10001079,"Polycom SoundPoint Pro SE-225 Corded phone",1903.84,276.06
TEC-PH-10001530,"Cisco Unified IP Phone 7945G VoIP phone",8111.14,275.33
TEC-AC-10004353,"Hypercom P1300 Pinpad",1108.8,275.31
OFF-EN-10002831,"Tyvek  Top-Opening Peel & Seel  Envelopes, Gray",610.98,274.94
TEC-PH-10004042,"ClearOne Communications CHAT 70 OC Speaker Phone",1685.29,273.46
OFF-PA-10004039,"Xerox 1882",615.78,273.18
TEC-PH-10004120,"AT&T 1080 Phone",1589.08,271.24
TEC-MA-10004552,"Star Micronics TSP100 TSP143LAN Receipt Printer",1035.8,269.31
FUR-CH-10002965,"Global Leather Highback Executive Chair with Pneumatic Height Adjustment, Black",5989.2,267.3
FUR-FU-10001290,"Executive Impressions Supervisor Wall Clock",867.26,266.07
OFF-ST-10000675,"File Shuttle II and Handi-File, Black",1125.15,260.95
OFF-PA-10002222,"Xerox Color Copier Paper, 11" x 17", Ream",593.84,260.83
OFF-BI-10002082,"GBC Twin Loop Wire Binding Elements",1041.66,259.58
TEC-PH-10003811,"Jabra Supreme Plus Driver Edition Headset",2159.82,259.18
OFF-ST-10001837,"SAFCO Mobile Desk Side File, Wire Frame",1240.04,259.13
OFF-PA-10002319,"Xerox 1944",573.65,257.37
FUR-FU-10001215,"Howard Miller 11-1/2" Diameter Brentwood Wall Clock",681.45,256.19
TEC-AC-10000109,"Sony Micro Vault Click 16 GB USB 2.0 Flash Drive",1489.33,255.31
OFF-PA-10003790,"Xerox 1991",575.57,254.89
FUR-CH-10004875,"Harbour Creations 67200 Series Stacking Chairs",1501.9,254.82
OFF-ST-10000877,"Recycled Steel Personal File for Standard File Folders",1072.63,254.33
FUR-CH-10002439,"Iceberg Nesting Folding Chair, 19w x 6d x 43h",1589.41,253.84
TEC-PH-10002555,"Nortel Meridian M5316 Digital phone",2744.87,253.77
TEC-PH-10000486,"Panasonic Kx-TS550",2227.01,250.54
FUR-FU-10003553,"Howard Miller 13-1/2" Diameter Rosebrook Wall Clock",949.03,247.57
FUR-CH-10003817,"Global Value Steno Chair, Gray",2204.86,246
OFF-PA-10002581,"Xerox 1951",755.91,244.74
FUR-FU-10000277,"Deflect-o DuraMat Antistatic Studded Beveled Mat for Medium Pile Carpeting",1685.44,244.39
OFF-LA-10001474,"Avery 477",573.96,244.24
OFF-LA-10003923,"Alphabetical Labels for Top Tab Filing",518,244.2
TEC-PH-10001580,"Logitech Mobile Speakerphone P710e - speaker phone",1916.72,241.61
OFF-AP-10001271,"Eureka The Boss Cordless Rechargeable Stick Vac",948.23,241.14
OFF-PA-10003656,"Xerox 1935",538.15,239
OFF-PA-10004353,"Southworth 25% Cotton Premium Laser Paper and Envelopes",527.47,236.56
OFF-PA-10001790,"Xerox 1910",586.09,236.36
OFF-PA-10002120,"Xerox 1889",516.62,236.33
OFF-AP-10001391,"Kensington 6 Outlet MasterPiece HOMEOFFICE Power Control Center",812.16,235.53
FUR-FU-10004848,"Poly String Tie Envelopes",1438.13,235.14
OFF-BI-10004492,"Tuf-Vin Binders",669.5,234.32
FUR-CH-10002647,"Situations Contoured Folding Chairs, 4/Set",3641.27,234.23
OFF-ST-10000532,"Advantus Rolling Drawer Organizers",1115.92,233.19
FUR-CH-10000749,"Office Star - Ergonomic Mid Back Chair with 2-Way Adjustable Arms",2207.96,231.65
FUR-BO-10000711,"Hon Metal Bookcases, Gray",851.76,229.98
TEC-PH-10001061,"Apple iPhone 5C",1339.87,229.98
TEC-PH-10001750,"Samsung Rugby III",1385.79,229.65
OFF-AP-10002518,"Kensington 7 Outlet MasterPiece Power Center",2883.28,229.59
FUR-CH-10001891,"Global Deluxe Office Fabric Chairs",1420.5,229.39
TEC-PH-10004434,"Cisco IP Phone 7961G VoIP phone - Dark gray",1386.69,228.4
TEC-AC-10003399,"Memorex Mini Travel Drive 64 GB USB 2.0 Flash Drive",543.6,228.31
OFF-EN-10002504,"Tyvek  Top-Opening Peel & Seel Envelopes, Plain White",570.78,225.05
OFF-EN-10004483,"#10 White Business Envelopes,4 1/8 x 9 1/2",488.9,223.14
FUR-FU-10004017,"Tenex Contemporary Contur Chairmats for Low and Medium Pile Carpet, Computer, 39" x 49"",1264.58,222.88
OFF-ST-10002292,"Sauder Facets Collection Locker/File Cabinet, Sky Alder Finish",1706.51,222.59
OFF-PA-10000659,"Adams Phone Message Book, Professional, 400 Message Capacity, 5 3/6 x 11",501.39,221.84
TEC-PH-10000215,"Plantronics Cordless Phone Headset with In-line Volume - M214C",908.7,219.84
TEC-MA-10004626,"Lexmark 20R1285 X6650 Wireless All-in-One Printer",600,218.4
TEC-PH-10000011,"PureGear Roll-On Screen Protector",571.71,218.29
OFF-PA-10000176,"Xerox 1887",512.19,216.26
OFF-BI-10001597,"Wilson Jones Ledger-Size, Piano-Hinge Binder, 2", Blue",1217.11,215.55
TEC-AC-10003590,"TRENDnet 56K USB 2.0 Phone, Internet and Fax Modem",626.54,212.3
TEC-AC-10001714,"Logitech MX Performance Wireless Mouse",789.82,211.82
TEC-PH-10002275,"Mitel 5320 IP Phone VoIP phone",2116.69,211.67
OFF-BI-10000666,"Surelock Post Binders",653.98,210.86
FUR-TA-10001705,"Bush Advantage Collection Round Conference Table",3401.6,210.47
TEC-PH-10003885,"Cisco SPA508G",910.66,207.87
OFF-AP-10001205,"Belkin 5 Outlet SurgeMaster Power Centers",1776.05,207.02
FUR-BO-10003404,"Global Adaptabilites Bookcase, Cherry/Storm Gray Finish",3447.84,206.87
OFF-AR-10001953,"Boston 1645 Deluxe Heavier-Duty Electric Pencil Sharpener",1073.11,206.27
OFF-ST-10003058,"Eldon Mobile Mega Data Cart  Mega Stackable  Add-On Trays",709.5,205.75
OFF-PA-10001019,"Xerox 1884",543.46,204.6
FUR-CH-10003761,"Global Italian Leather Office Chair",969.25,204.33
TEC-PH-10001425,"Mophie Juice Pack Helium for iPhone",1583.8,201.57
OFF-AP-10001154,"Bionaire Personal Warm Mist Humidifier/Vaporizer",515.79,201.16
OFF-ST-10003123,"Fellowes Bases and Tops For Staxonsteel/High-Stak Systems",858.88,201.07
OFF-PA-10004243,"Xerox 1939",417.34,200.32
OFF-PA-10003134,"Xerox 1937",499.62,199.85
OFF-ST-10000604,"Xerox 232",980.23,198.13
OFF-ST-10003442,"Xerox 1995",899.3,197.39
FUR-FU-10001861,"Floodlight Indoor Halogen Bulbs, 1 Bulb per Pack, 60 Watts",434.56,197.1
OFF-EN-10004773,"Staple envelope",433.72,196.72
TEC-AC-10000358,"Imation Secure Drive + Hardware Encrypted USB flash drive - 16 GB",888.97,196.03
TEC-PH-10003095,"Samsung HM1900 Bluetooth Headset",491.68,195.36
OFF-PA-10003823,"Xerox 197",501.88,195.17
TEC-PH-10003215,"Jackery Bar Premium Fast-charging Portable Charger",467.22,192.28
FUR-FU-10003535,"Howard Miller Distant Time Traveler Alarm Clock",531.95,192.21
TEC-MA-10004458,"Lexmark X 9575 Professional All-in-One Color Printer",396,190.08
TEC-AC-10003116,"Memorex Froggy Flash Drive 8 GB",536.05,189.57
OFF-AP-10001293,"Belkin 8 Outlet Surge Protector",1073.68,188.51
OFF-PA-10000241,"IBM Multi-Purpose Copy Paper, 8 1/2 x 11", Case",458.5,185.88
OFF-ST-10001476,"Steel Personal Filing/Posting Tote",937.46,185.72
OFF-PA-10001977,"Xerox 194",443.84,184.19
TEC-AC-10001114,"Microsoft Wireless Mobile Mouse 4000",591.85,183.95
FUR-FU-10000629,"Avery Personal Creations Heavyweight Cards",455.07,183.13
OFF-PA-10000167,"Xerox 1925",489.48,182.78
OFF-BI-10003364,"Binding Machine Supplies",667.99,182.6
OFF-ST-10003470,"Tennsco Snap-Together Open Shelving Units, Starter Sets and Add-On Units",6819.31,181.66
TEC-AC-10000023,"Maxell 74 Minute CD-R Spindle, 50/Pack",503.28,181.18
FUR-FU-10000076,"24-Hour Round Wall Clock",487.51,180.02
TEC-MA-10000112,"Panasonic KX MB2061 Multifunction Printer",2396.4,179.73
FUR-FU-10001876,"Computer Room Manger, 14"",636.61,179.29
TEC-PH-10004908,"Panasonic KX TS3282W Corded phone",1665.8,178.48
TEC-PH-10002468,"Plantronics CS 50-USB - headset - Convertible, Monaural",1468.69,178.15
OFF-EN-10000927,"Novimex Swivel Fabric Task Chair",552.71,177.66
TEC-MA-10001031,"Socket Bluetooth Cordless Hand Scanner (CHS)",506.28,177.2
FUR-FU-10001473,"DAX Wood Document Frame",839.68,176.32
OFF-PA-10004381,"14-7/8 x 11 Blue Bar Computer Printout Paper",422.75,172.94
FUR-FU-10003708,"Economy Binders",1322.17,172.25
OFF-PA-10004092,"Tops Green Bar Computer Printout Paper",342.58,171.29
TEC-PH-10003589,"invisibleSHIELD by ZAGG Smudge-Free Screen Protector",442.55,171.26
FUR-CH-10001797,"Safco Chair Connectors, 6/Carton",881.19,170.85
OFF-AP-10002578,"Fellowes Premier Superior Surge Suppressor, 10-Outlet, With Phone and Remote",929.48,169.26
OFF-PA-10001295,"Computer Printout Paper with Letter-Trim Perforations",405.96,169.21
OFF-AP-10001124,"Belkin 8 Outlet SurgeMaster II Gold Surge Protector with Phone Protection",647.84,168.44
TEC-PH-10002890,"AT&T 17929 Lendline Telephone",1339.1,167.39
OFF-AP-10001469,"Fellowes 8 Outlet Superior Workstation Surge Protector",759.12,166.84
FUR-FU-10002045,"Executive Impressions 14"",377.91,166.28
OFF-LA-10004544,"Avery 505",372.96,165.76
TEC-PH-10004614,"AT&T 841000 Phone",1614.6,165.6
OFF-AR-10000937,"Dixon Ticonderoga Core-Lock Colored Pencils, 48-Color Set",431.29,165.21
OFF-EN-10002500,"Globe Weis Peel & Seel First Class Envelopes",375.73,164.86
TEC-PH-10001468,"Panasonic Business Telephones KX-T7736",546.06,163.82
TEC-PH-10003171,"Plantronics Encore H101 Dual Earpieces Headset",746.17,163.62
OFF-BI-10003876,"Green Canvas Binder for 8-1/2" x 14" Sheets",569.24,162.64
TEC-PH-10002549,"Polycom SoundPoint IP 450 VoIP phone",3839.62,162.62
OFF-AP-10000240,"Belkin F9G930V10-GRY 9 Outlet Surge",770.11,162.58
TEC-PH-10002170,"ClearSounds CSC500 Amplified Spirit Phone Corded phone",1119.84,162.38
FUR-FU-10002878,"Seth Thomas 14" Day/Date Wall Clock",467.07,162.05
OFF-LA-10001074,"Round Specialty Laser Printer Labels",421.01,162.01
TEC-AC-10001013,"Logitech ClearChat Comfort/USB Headset H390",533.08,160.22
OFF-PA-10000483,"Xerox 19",415.13,159.55
OFF-BI-10001765,"Wilson Jones Heavy-Duty Casebound Ring Binders with Metal Hinges",554.24,157.96
TEC-PH-10002538,"Grandstream GXP1160 VoIP phone",803.69,157.71
OFF-PA-10004530,"Personal Creations Ink Jet Cards and Labels",321.44,157.51
TEC-AC-10004568,"Maxell LTO Ultrium - 800 GB",1086.01,156.46
OFF-PA-10003441,"Xerox 226",334.37,155.78
OFF-AR-10002987,"Prismacolor Color Pencil Set",436.48,155.55
FUR-CH-10003199,"Office Star - Contemporary Task Swivel Chair",1842.27,155.37
TEC-PH-10001305,"Panasonic KX TS208W Corded phone",1283.54,154.81
OFF-PA-10000595,"Xerox 1929",351.74,154.4
TEC-PH-10002680,"Samsung Galaxy Note 3",2155.9,153.99
OFF-AR-10004010,"Hunt Boston Vacuum Mount KS Pencil Sharpener",671.81,153.96
OFF-ST-10000060,"Fellowes Bankers Box Staxonsteel Drawer File/Stacking System",2612.2,153.35
TEC-PH-10004531,"OtterBox Commuter Series Case - iPhone 5 & 5s",1041.81,153.31
TEC-MA-10002981,"I.R.I.S IRISCard Anywhere 5 Card Scanner",350.97,152.09
OFF-ST-10003692,"Recycled Steel Personal File for Hanging File Folders",1053.03,151.66
FUR-CH-10003606,"SAFCO Folding Chair Trolley",705.32,151.32
OFF-EN-10001335,"White Business Envelopes with Contemporary Seam, Recycled White Business Envelopes",336.95,150.97
TEC-AC-10001284,"Enermax Briskie RF Wireless Keyboard and Mouse Combo",469.4,150.37
OFF-AR-10003373,"Boston School Pro Electric Pencil Sharpener, 1670",873.64,149.94
OFF-EN-10004206,"Multimedia Mailers",325.86,149.9
OFF-ST-10000777,"Companion Letter/Legal File, Black",611.71,149.53
TEC-AC-10002647,"Logitech Wireless Boombox Speaker - portable - wireless, wired",383.04,148.96
FUR-FU-10001488,"Tenex 46" x 60" Computer Anti-Static Chairmat, Rectangular Shaped",2267.97,148.37
FUR-FU-10003930,"Howard Miller 12-3/4 Diameter Accuwave DS  Wall Clock",786.9,147.94
FUR-BO-10001519,"O'Sullivan 3-Shelf Heavy-Duty Bookcases",1119.2,147.09
OFF-BI-10001670,"Vinyl Sectional Post Binders",901.03,147.03
OFF-AP-10002457,"Eureka The Boss Plus 12-Amp Hard Box Upright Vacuum, Red",1674.4,146.51
TEC-PH-10000576,"AT&T 1080 Corded phone",1945.26,145.21
FUR-FU-10004018,"Tensor Computer Mounted Lamp",536.04,144.73
TEC-PH-10004241,"Nokia Lumia 1020",1439.97,144
TEC-AC-10001267,"Imation 32GB Pocket Pro USB 3.0 Flash Drive - 32 GB - Black - 1 P ...",467.22,143.76
OFF-AP-10003842,"Euro-Pro Shark Turbo Vacuum",693.95,143.75
TEC-PH-10002483,"Motorola Moto X",1631.95,142.8
OFF-PA-10003127,"Easy-staple paper",327.11,141.92
OFF-PA-10003625,"Xerox 1979",328.39,140.96
OFF-AR-10003903,"Sanford 52201 APSCO Electric Pencil Sharpener",565.39,140.94
TEC-MA-10003246,"Hewlett-Packard Deskjet D4360 Printer",447.97,139.99
TEC-MA-10003626,"Hewlett-Packard Deskjet 6540 Color Inkjet Printer",1396.21,139.62
FUR-CH-10003846,"Hon Valutask Swivel Chairs",1242.05,139.35
OFF-EN-10000483,"White Envelopes, White Envelopes with Clear Poly Window",320.25,139.08
OFF-PA-10001363,"Xerox 1933",294.72,138.52
OFF-BI-10004593,"Ibico Laser Imprintable Binding System Covers",1100.4,138.34
FUR-FU-10001588,"Deflect-o SuperTray Unbreakable Stackable Tray, Letter, Black",437.7,138.31
OFF-PA-10000565,"Easy-staple paper",279.9,137.15
FUR-FU-10003268,"Eldon Radial Chair Mat for Low to Medium Pile Carpets",775.61,135.93
FUR-BO-10004015,"Bush Andora Bookcase, Maple/Graphite Gray Finish",3317.72,135.59
OFF-AR-10002067,"Newell 334",531.71,135.31
TEC-PH-10001809,"Panasonic KX T7736-B Digital phone",1259.58,134.95
TEC-PH-10002398,"AT&T 1070 Corded Phone",1070.3,133.79
TEC-PH-10002262,"LG Electronics Tone+ HBS-730 Bluetooth Headset",904.55,133.3
TEC-AC-10004001,"Logitech Wireless Headset H600 Over-The-Head Design",386.91,133.27
OFF-LA-10003498,"Avery 475",266.4,133.2
FUR-FU-10004960,"Seth Thomas 12" Clock w/ Goldtone Case",390.66,132.82
TEC-PH-10002597,"Xblue XB-1670-86 X16 Small Office Telephone - Titanium",604.75,132.29
TEC-AC-10000158,"Sony 64GB Class 10 Micro SDHC R40 Memory Card",899.75,132.08
TEC-PH-10001615,"AT&T CL82213",481.23,131.32
OFF-EN-10003286,"Staple envelope",284.83,131.24
TEC-PH-10004922,"RCA Visys Integrated PBX 8-Line Router",1085.24,130.63
OFF-AP-10003287,"Tripp Lite TLP810NET Broadband Surge for Modem/Fax",937.85,130.48
TEC-MA-10001570,"Cisco Desktop Collaboration Experience DX650 IP Video Phone",385.8,130.21
TEC-AC-10004864,"Memorex Micro Travel Drive 32 GB",379.7,129.98
OFF-SU-10002573,"Acme 10" Easy Grip Assistive Scissors",448.77,129.72
TEC-PH-10001254,"Jabra BIZ 2300 Duo QD Duo Corded Headset",1727.06,129.53
OFF-PA-10000380,"REDIFORM Incoming/Outgoing Call Register, 11" X 8 1/2", 100 Messages",281.89,127.6
TEC-AC-10000710,"Maxell DVD-RAM Discs",296.64,127.56
TEC-PH-10003437,"Blue Parrot B250XT Professional Grade Wireless Bluetooth Headset with",1229.84,127.48
OFF-ST-10000943,"Eldon ProFile File 'N Store Portable File Tub Letter/Legal Size Black",614.06,127.45
FUR-FU-10004460,"Howard Miller 12" Round Wall Clock",479.34,127.3
TEC-AC-10004114,"KeyTronic 6101 Series - Keyboard - Black",360.71,127.07
OFF-AR-10002240,"Panasonic KP-150 Electric Pencil Sharpener",573.65,126.81
OFF-LA-10001158,"Avery Address/Shipping Labels for Typewriters, 4" x 2"",277.38,126.68
TEC-AC-10002006,"Memorex Micro Travel Drive 16 GB",556.45,126.16
TEC-PH-10001051,"HTC One",1119.89,125.99
OFF-BI-10000069,"GBC Prepunched Paper, 19-Hole, for Binding Systems, 24-lb",433.79,125.78
FUR-CH-10004754,"Global Stack Chair with Arms, Black",803.46,125.02
FUR-FU-10000747,"Tenex B1-RE Series Chair Mats for Low Pile Carpets",1002.36,124.61
OFF-ST-10001321,"Decoflex Hanging Personal Folder File, Blue",518.11,124.13
FUR-FU-10004845,"Deflect-o EconoMat Nonstudded, No Bevel Mat",702.44,123.96
FUR-FU-10000758,"DAX Natural Wood-Tone Poster Frame",513.71,123.93
OFF-PA-10001509,"Recycled Desk Saver Line "While You Were Out" Book, 5 1/2" X 4"",268.5,123.51
OFF-AR-10001955,"Newell 319",511.87,123.01
TEC-PH-10002564,"OtterBox Defender Series Case - Samsung Galaxy S4",689.77,122.96
OFF-AP-10002350,"Belkin F9H710-06 7 Outlet SurgeMaster Surge Protector",516.22,122.84
TEC-PH-10002807,"Motorla HX550 Universal Bluetooth Headset",419.23,122.6
TEC-PH-10004006,"Panasonic KX - TS880B Telephone",453.42,122.42
TEC-AC-10004859,"Maxell Pro 80 Minute CD-R, 10/Pack",374.07,122.36
OFF-PA-10002499,"Xerox 1890",244.7,122.35
TEC-AC-10004901,"Kensington SlimBlade Notebook Wireless Mouse with Nano Receiver ",549.89,120.98
FUR-FU-10004973,"Flat Face Poster Frame",678.24,120.95
OFF-ST-10002276,"Safco Steel Mobile File Cart",683.55,120.87
OFF-PA-10003022,"Xerox 1992",297.12,120.81
OFF-PA-10002986,"Xerox 1898",280.56,120.77
TEC-MA-10000029,"Epson WorkForce WF-2530 All-in-One Printer, Copier Scanner",279.96,120.38
TEC-AC-10000865,"WD My Passport Ultra 500GB Portable External Hard Drive",708,120.36
OFF-AR-10001044,"BOSTON Ranger #55 Pencil Sharpener, Black",618.56,120.33
TEC-AC-10004595,"First Data TMFD35 PIN Pad",571.2,119.95
OFF-FA-10004854,"Vinyl Coated Wire Paper Clips in Organizer Box, 800/Box",296.18,119.74
OFF-AR-10004602,"Boston KS Multi-Size Manual Pencil Sharpener",533.37,119.55
OFF-LA-10001297,"Avery 473",248.4,119.23
OFF-ST-10002370,"Safco Industrial Wire Shelving",483.41,118.93
OFF-ST-10001590,"Tenex Personal Project File with Scoop Front Design, Black",517.63,118.62
TEC-MA-10004255,"Konica Minolta magicolor 1690MF Multifunction Printer",319.92,118.37
OFF-AR-10003582,"Boston Electric Pencil Sharpener, Model 1818, Charcoal Black",523.59,118.23
FUR-CH-10001146,"netTALK DUO VoIP Telephone Service",2442.02,117.49
OFF-EN-10001532,"Brown Kraft Recycled Envelopes",244.51,117.16
FUR-CH-10004886,"Bevis Steel Folding Chairs",1775.08,117.06
FUR-FU-10004270,"Eldon Image Series Desk Accessories, Burgundy",426.56,116.71
FUR-FU-10003347,"Coloredge Poster Frame",298.2,116.3
TEC-MA-10003176,"Okidata B400 Printer",1029.6,115.83
FUR-CH-10000553,"Metal Folding Chairs, Beige, 4/Carton",685.59,115.74
TEC-PH-10001300,"iKross Bluetooth Portable Keyboard + Cell Phone Stand Holder + Brush for Apple iPhone 5S 5C 5, 4S 4",477.66,115.64
OFF-EN-10004386,"Recycled Interoffice Envelopes with String and Button Closure, 10 x 13",259.09,115.15
OFF-AR-10004042,"Acco Pressboard Covers with Storage Hooks, 14 7/8" x 11""",496.25,113.27
OFF-PA-10002137,"Southworth 100% Résumé Paper, 24lb.",262.96,113.2
TEC-AC-10001266,"Memorex Micro Travel Drive 8 GB",299,113.1
OFF-ST-10001328,"Personal Filing Tote with Lid, Black/Gray",459.1,112.91
OFF-BI-10001721,"SanDisk Ultra 64 GB MicroSDHC Class 10 Memory Card",346.36,112.89
TEC-PH-10002115,"Plantronics 81402",844.67,112.18
OFF-PA-10004082,"Adams Telephone Message Book w/Frequently-Called Numbers Space, 400 Messages per Book",223.44,111.72
TEC-MA-10001972,"Okidata C331dn Printer",3210.8,111.68
OFF-AR-10004022,"Panasonic KP-380BK Classic Electric Pencil Sharpener",705.21,111.54
OFF-AR-10002671,"Snap-A-Way Black Print Carbonless Ruled Speed Letter, Triplicate",1113.02,111.3
OFF-BI-10000962,"Acco Flexible ACCOHIDE Square Ring Data Binder, Dark Blue, 11 1/2" X 14" 7/8"",410,111.29
OFF-AP-10004532,"Kensington 6 Outlet Guardian Standard Surge Protector",409.6,110.59
OFF-AP-10002892,"Belkin F5C206VTEL 6 Outlet Surge",464.2,110.3
OFF-AR-10000538,"Boston Model 1800 Electric Pencil Sharpener, Gray",405.36,109.78
TEC-PH-10002075,"AT&T EL51110 DECT",377.97,109.61
OFF-AR-10001915,"Peel-Off China Markers",287.97,109.43
TEC-AC-10004518,"Memorex Mini Travel Drive 32 GB USB 2.0 Flash Drive",280,109.2
OFF-AR-10004260,"Boston 1799 Powerhouse Electric Pencil Sharpener",389.7,109.12
OFF-PA-10001776,"Wirebound Message Books, Four 2 3/4" x 5" Forms per Page, 600 Sets per Book",246.58,109.02
OFF-PA-10002421,"Embossed Ink Jet Note Cards",284.38,108.34
FUR-FU-10001591,"Advantus Panel Wall Certificate Holder - 8.5x11",270.84,108.09
TEC-AC-10000057,"Microsoft Natural Ergonomic Keyboard 4000",557.81,107.66
OFF-PA-10001685,"Easy-staple paper",257.56,107.59
OFF-EN-10003134,"Staple envelope",247.62,107.46
FUR-FU-10004748,"Howard Miller 16" Diameter Gallery Wall Clock",575.46,107.42
OFF-BI-10004230,"GBC Recycled Grain Textured Covers",466.29,107.07
OFF-BI-10002854,"Performers Binder/Pad Holder, Black",611.05,106.51
FUR-BO-10003894,"Safco Value Mate Steel Bookcase, Baked Enamel Finish on Steel, Black",802.07,106.47
OFF-BI-10000315,"Poly Designer Cover & Back",451.96,106.34
OFF-PA-10003673,"Strathmore Photo Mount Cards",245.44,106.31
TEC-AC-10000682,"Kensington K72356US Mouse-in-a-Box USB Desktop Mouse",321.85,106.18
FUR-FU-10004071,"Luxo Professional Magnifying Clamp-On Fluorescent Lamps",1268.92,106.09
OFF-AP-10002495,"Acco Smartsocket Table Surge Protector, 6 Color-Coded Adapter Outlets",452.96,105.48
OFF-BI-10002852,"Trimflex Flexible Post Binders",390.58,104.81
OFF-PA-10002713,"Adams Phone Message Book, 200 Message Capacity, 8 1/16 x 11",227.04,104.44
OFF-SU-10000898,"Acme Hot Forged Carbon Steel Scissors with Nickel-Plated Handles, 3 7/8" Cut, 8"L",458.7,103.42
OFF-FA-10002280,"Advantus Plastic Paper Clips",225,102.8
OFF-LA-10004545,"Avery 50",235.56,102.75
TEC-AC-10002399,"SanDisk Cruzer 32 GB USB Flash Drive",361.38,102.71
OFF-BI-10004828,"GBC Poly Designer Binding Covers",256.12,102.45
FUR-FU-10003039,"Howard Miller 11-1/2" Diameter Grantwood Wall Clock",500.31,101.79
OFF-AP-10000159,"Belkin F9M820V08 8 Outlet Surge",558.74,101
FUR-TA-10002855,"Bevis Round Conference Table Top & Single Column Base",2297.54,100.97
OFF-BI-10004001,"GBC Recycled VeloBinder Covers",487.34,100.88
OFF-AP-10002765,"Fellowes Advanced Computer Series Surge Protectors",386.75,100.66
FUR-TA-10000688,"Chromcraft Bull-Nose Wood Round Conference Table Top, Wood Base",3354.89,100.21
TEC-PH-10001918,"Nortel Business Series Terminal T7208 Digital phone",1000.73,100.07
FUR-FU-10003623,"DataProducts Ampli Magnifier Task Lamp, Black,",508.73,99.58
TEC-AC-10003289,"Anker Ultra-Slim Mini Bluetooth 3.0 Wireless Keyboard",499.75,99.55
FUR-FU-10002501,"Nu-Dell Executive Frame",409.54,98.97
OFF-BI-10002225,"Square Ring Data Binders, Rigid 75 Pt. Covers, 11" x 14-7/8"",334.37,98.25
OFF-PA-10004156,"Xerox 188",213.19,97.52
FUR-FU-10002813,"DAX Contemporary Wood Frame with Silver Metal Mat, Desktop, 11 x 14 Size",291.46,97.15
OFF-PA-10004100,"Xerox 216",238.46,96.94
FUR-TA-10004147,"Hon 4060 Series Tables",1231.56,96.29
OFF-PA-10000575,"Wirebound Message Books, Four 2 3/4 x 5 White Forms per Page",218.09,95.27
TEC-PH-10001552,"I Need's 3d Hello Kitty Hybrid Silicone Case Cover for HTC One X 4g with 3d Hello Kitty Stylus Pen Green/pink",542.98,95.2
TEC-PH-10004093,"Eldon Base for stackable storage shelf, platinum",846.22,95.2
FUR-FU-10000397,"Hunt BOSTON Model 1606 High-Volume Electric Pencil Sharpener, Beige",338.98,94.91
FUR-FU-10000521,"Seth Thomas 14" Putty-Colored Wall Clock",357.95,94.77
TEC-PH-10003963,"GE 2-Jack Phone Line Splitter",1771.51,94.76
OFF-ST-10002406,"Pizazz Global Quick File",353.29,94.61
OFF-PA-10004911,"Rediform S.O.S. 1-Up Phone Message Bk, 4-1/4x3-1/16 Bk, 1 Form/Pg, 40 Messages/Bk, 3/Pk",196.98,94.55
FUR-FU-10000087,"Executive Impressions 14" Two-Color Numerals Wall Clock",308.99,94.52
OFF-AR-10000588,"Newell 345",476.16,94.44
OFF-PA-10000501,"Petty Cash Envelope",231.86,94.36
OFF-PA-10004665,"Advantus Motivational Note Cards",227.94,94.32
OFF-PA-10002558,"Xerox 1938",268.24,93.88
FUR-FU-10004090,"Executive Impressions 14" Contract Wall Clock",346.79,93.59
OFF-AR-10001615,"Newell 34",460.29,93.25
OFF-ST-10000464,"Multi-Use Personal File Cart and Caster Set, Three Stacking Bins",368.46,93.16
OFF-PA-10003465,"Xerox 1912",201.08,92.57
OFF-AR-10004648,"Boston 19500 Mighty Mite Electric Pencil Sharpener",342.55,92.49
OFF-AR-10001897,"Model L Table or Wall-Mount Pencil Sharpener",402.98,92.11
OFF-PA-10001281,"Computer Printout Paper with Letter-Trim Fine Perforations",191.6,91.97
TEC-AC-10001956,"Microsoft Arc Touch Mouse",359.7,91.12
FUR-FU-10002759,"12-1/2 Diameter Round Wall Clock",551.45,91.11
TEC-AC-10000171,"Wilson Jones Leather-Like Binders with DublLock Round Rings",248.29,91.04
TEC-PH-10003174,"RCA ViSYS 25825 Wireless digital phone",727.94,90.99
OFF-AP-10002472,"3M Office Air Cleaner",259.8,90.93
OFF-BI-10003007,"Premium Transparent Presentation Covers, No Pattern/Clear, 8 1/2" x 11"",698.04,90.75
OFF-ST-10004507,"Advantus Rolling Storage Box",428.75,90.72
OFF-ST-10003638,"Mobile Personal File Cube",449.66,90.64
OFF-PA-10001972,"Xerox 214",215.14,90.46
OFF-BI-10002498,"Clear Mylar Reinforcing Strips",377.54,90.27
OFF-BI-10004308,"Avery Legal 4-Ring Binder",258.05,90.21
OFF-PA-10003797,"Xerox 209",187.92,90.2
OFF-ST-10001228,"Fellowes Personal Hanging Folder Files, Navy",462.33,90.04
TEC-AC-10001874,"Logitech Wireless Anywhere Mouse MX for PC and Mac",551.91,89.98
OFF-AP-10002191,"Belkin 8 Outlet SurgeMaster II Gold Surge Protector",737.75,89.97
TEC-PH-10000586,"AT&T SB67148 SynJ",475.13,89.75
OFF-PA-10000740,"Xerox 1982",237.54,89.53
OFF-EN-10001539,"Staple envelope",196.06,88.85
OFF-PA-10000019,"Xerox 1931",209.95,88.65
TEC-AC-10004761,"Maxell 4.7GB DVD+RW 3/Pack",264.44,88.41
FUR-FU-10000023,"Eldon Wave Desk Accessories",236.78,88.35
TEC-PH-10000193,"Jensen SMPS-640 - speaker phone",496.58,88.28
OFF-BI-10001510,"Deluxe Heavy-Duty Vinyl Round Ring Binder",504.24,88.24
OFF-EN-10003040,"Quality Park Security Envelopes",240.76,88.19
FUR-FU-10000672,"Executive Impressions 10" Spectator Wall Clock",258.72,87.96
OFF-AP-10004785,"Holmes Replacement Filter for HEPA Air Cleaner, Medium Room",203.94,87.69
OFF-PA-10003724,"Wirebound Message Book, 4 per Page",184.62,87.69
TEC-PH-10004912,"Cisco SPA112 2 Port Phone Adapter",516.53,87.37
OFF-AP-10002998,"Holmes 99% HEPA Air Purifier",333.56,86.86
OFF-EN-10000461,"#10- 4 1/8" x 9 1/2" Recycled Envelopes",211.51,86.44
OFF-SU-10001218,"Fiskars Softgrip Scissors",307.44,86.08
OFF-PA-10000249,"GE 30524EE4",196.48,85.84
OFF-ST-10000615,"1.7 Cubic Foot Compact "Cube"" Office Refrigerators"",347.31,85.81
OFF-PA-10002005,"Xerox 225",196.99,85.8
OFF-FA-10003495,Staples,192.13,85.73
OFF-BI-10002794,"Avery Trapezoid Ring Binder, 3" Capacity, Black, 1040 sheets",545.03,85.24
OFF-BI-10001460,"Verbatim 25 GB 6x Blu-ray Single Layer Recordable Disc, 3/Pack",269.67,84.99
FUR-FU-10004053,"DAX Two-Tone Silver Metal Document Frame",234.78,84.81
TEC-AC-10003063,"Micro Innovations USB RF Wireless Keyboard with Mouse",440,84.5
TEC-PH-10000560,"Samsung Galaxy S III - 16GB - pebble blue (T-Mobile)",7139.8,84
TEC-PH-10004896,"Nokia Lumia 521 (T-Mobile)",515.83,83.97
TEC-PH-10004667,"Cisco 8x8 Inc. 6753i IP Business Phone System",2645.8,83.69
OFF-AP-10002670,"Belkin 8-Outlet Premiere SurgeMaster II Surge Protectors",277.92,83.38
OFF-PA-10002764,"Easy-staple paper",170.1,83.35
OFF-EN-10003862,"Laser & Ink Jet Business Envelopes",198.46,83.23
OFF-PA-10002245,"Xerox 1895",191.36,82.82
OFF-PA-10003172,"Xerox 1996",176.26,81.91
OFF-PA-10001166,"Xerox 2",222.43,81.84
FUR-FU-10001986,"Dana Fluorescent Magnifying Lamp, White, 36"",581.17,81.57
OFF-AP-10001492,"Acco Six-Outlet Power Strip, 4' Cord Length",343.08,81.55
FUR-FU-10003577,"Nu-Dell Leatherette Frames",246.65,81.45
OFF-LA-10002312,"Avery 490",177.6,81.4
OFF-EN-10003567,"Inter-Office Recycled Envelopes, Brown Kraft, Button-String,10" x 13" , 100/Box",197.82,81.33
FUR-CH-10004698,"Padded Folding Chairs, Black, 4/Carton",1830.15,80.98
OFF-PA-10001950,"Southworth 25% Cotton Antique Laid Paper & Envelopes",200.16,80.9
OFF-AP-10001242,"APC 7 Outlet Network SurgeArrest Surge Protector",1207.2,80.48
TEC-PH-10001198,"Avaya 4621SW VoIP phone",709.92,79.87
OFF-PA-10001725,"Xerox 1892",178.3,79.46
TEC-PH-10000923,"Belkin SportFit Armband For iPhone 5s/5c, Fuchsia",239.84,79.3
OFF-PA-10004101,"Xerox 1894",169.78,78.8
TEC-AC-10003023,"Logitech G105 Gaming Keyboard",759.94,78.37
FUR-FU-10002671,"Electrix 20W Halogen Replacement Bulb for Zoom-In Desk Lamp",168.84,78.26
OFF-ST-10000025,"Fellowes Stor/Drawer Steel Plus Storage Drawers",3397.31,78.25
OFF-ST-10001325,"Sterilite Officeware Hinged File Box",345.84,78.08
OFF-AR-10002445,"SANFORD Major Accent Highlighters",209.57,77.88
OFF-PA-10003848,"Xerox 1997",178.85,77.76
OFF-PA-10004996,"Speediset Carbonless Redi-Letter 7" x 8 1/2"",181.46,77.63
OFF-EN-10002592,"Peel & Seel Recycled Catalog Envelopes, Brown",176.02,77.59
OFF-ST-10000876,"Eldon Simplefile Box Office",345.83,77.13
FUR-CH-10002774,"Global Deluxe Stacking Chair, Gray",764.7,76.98
OFF-BI-10004236,"XtraLife ClearVue Slant-D Ring Binder, White, 3"",386.08,76.92
TEC-PH-10001644,"BlueLounge Milo Smartphone Stand, White/Metallic",335.89,76.77
OFF-PA-10001870,"Xerox 202",171.07,76.72
OFF-AR-10003752,"Deluxe Chalkboard Eraser Cleaner",182.49,76.46
OFF-PA-10000477,"Xerox 1952",172.78,76.18
OFF-PA-10000919,"Xerox 1918",155.04,75.97
FUR-FU-10001085,"3M Polarizing Light Filter Sleeves",216.34,75.35
OFF-PA-10003651,"Xerox 1968",165.66,75.35
TEC-PH-10001700,"Panasonic KX-TG6844B Expandable Digital Cordless Telephone",1135.03,75.23
OFF-LA-10004093,"Avery 486",168.13,75.15
OFF-AP-10000026,"Tripp Lite Isotel 6 Outlet Surge Protector with Fax/Modem Protection",1243.79,74.99
FUR-FU-10001889,"Ultra Door Pull Handle",265.1,74.8
OFF-LA-10000414,"Avery 503",155.25,74.52
OFF-PA-10002160,"Xerox 1978",174.56,74.33
FUR-FU-10002445,"DAX Two-Tone Rosewood/Black Document Frame, Desktop, 5 x 7",216.14,73.94
OFF-EN-10004459,"Security-Tint Envelopes",163.5,73.88
OFF-BI-10001078,"Luxo Economy Swing Arm Lamp",175.39,73.87
FUR-BO-10003441,"Bush Westfield Collection Bookcases, Fully Assembled",1473.3,73.72
OFF-LA-10002043,"Avery 489",159.39,73.28
FUR-CH-10002758,"Hon Deluxe Fabric Upholstered Stacking Chairs, Squared Back",1268.7,73.19
FUR-FU-10003374,"Electrix Fluorescent Magnifier Lamps & Weighted Base",463.8,73.02
OFF-PA-10001457,"White GlueTop Scratch Pads",186.5,72.79
TEC-AC-10002331,"Maxell 74 Minute CDR, 10/Pack",232.76,72.57
OFF-SU-10002537,"Acme Box Cutter Scissors",306.9,72.22
FUR-FU-10004006,"Deflect-o DuraMat Lighweight, Studded, Beveled Mat for Low Pile Carpeting",673.87,72.08
OFF-AR-10000658,"Newell 324",263.34,72.07
OFF-BI-10001294,"Fellowes Binding Cases",271.44,71.96
FUR-FU-10004351,"Staple-based wall hangings",202.59,71.69
OFF-PA-10002689,"Weyerhaeuser First Choice Laser/Copy Paper (20Lb. and 88 Bright)",155.52,71.28
FUR-FU-10003799,"9-3/4 Diameter Round Wall Clock",316.48,71.12
OFF-PA-10002195,"RSVP Cards & Envelopes, Blank White, 8-1/2" X 11", 24 Cards/25 Envelopes/Set",168.46,71.04
OFF-PA-10001804,"Xerox 195",164.33,70.54
OFF-AR-10001725,"Boston Home & Office Model 2000 Electric Pencil Sharpeners",297.99,70.48
OFF-PA-10002968,"Xerox 1973",169.02,70.35
TEC-AC-10004814,"Logitech Illuminated Ultrathin Keyboard with Backlighting",170.97,70.1
OFF-AR-10002956,"Boston 16801 Nautilus Battery Pencil Sharpener",444.6,69.99
TEC-PH-10000439,"GE DSL Phone Line Filter",495.88,69.98
OFF-PA-10000061,"Xerox 205",150.34,69.47
FUR-FU-10004245,"Career Cubicle Clock, 8 1/4", Black",194.69,68.95
OFF-PA-10004735,"Xerox 1905",146.45,68.95
OFF-LA-10001569,"Avery 499",176.29,68.72
TEC-PH-10002085,"Clarity 53712",752.29,68.63
FUR-FU-10004093,"Hand-Finished Solid Wood Document Frame",260.15,68.46
OFF-PA-10001934,"Xerox 1993",147.74,68.43
OFF-PA-10002262,"Xerox 192",142.56,68.43
OFF-AR-10003478,"Avery Hi-Liter EverBold Pen Style Fluorescent Highlighters, 4/Pack",219.78,68.38
OFF-AR-10004456,"Panasonic KP-4ABK Battery-Operated Pencil Sharpener",234.24,67.93
OFF-SU-10000381,"Acme Forged Steel Scissors with Black Enamel Handles",279.3,67.78
OFF-AP-10000696,"Holmes Odor Grabber",357.62,67.77
OFF-ST-10002214,"X-Rack File for Hanging Folders",318.38,67.74
OFF-ST-10000107,"Fellowes Super Stor/Drawer",477.3,67.71
OFF-PA-10001712,"Xerox 1948",149.85,67.43
OFF-PA-10004888,"Xerox 217",151.63,67.39
OFF-AP-10000692,"Fellowes Mighty 8 Compact Surge Protector",344.59,67.3
TEC-MA-10001016,"Canon PC170 Desktop Personal Copier",575.82,67.18
TEC-AC-10004633,"Xerox 1943",184.54,67.1
OFF-PA-10002666,"Southworth 25% Cotton Linen-Finish Paper & Envelopes",166.7,67.04
TEC-AC-10003447,"Micropad Numeric Keypads",291.85,66.97
OFF-BI-10003910,"DXL Angle-View Binders with Locking Rings by Samsill",215.11,66.69
TEC-AC-10003280,"Belkin F8E887 USB Wired Ergonomic Keyboard",563.81,66.28
OFF-PA-10001184,"Xerox 1903",138.74,65.54
FUR-FU-10001934,"Magnifier Swing Arm Lamp",251.76,65.46
OFF-PA-10003591,"Southworth 100% Cotton The Best Paper",151.54,65.44
OFF-EN-10001099,"Staple envelope",160.39,65.33
OFF-PA-10000726,"Black Print Carbonless Snap-Off Rapid Letter, 8 1/2" x 7"",160.34,65.14
OFF-PA-10000143,"Astroparche Fine Business Paper",144.67,65.05
OFF-EN-10001219,"#10- 4 1/8" x 9 1/2" Security-Tint Envelopes",146.69,64.86
TEC-PH-10002923,"Logitech B530 USB Headset - headset - Full size, Binaural",739.8,64.73
TEC-AC-10003038,"Kingston Digital DataTraveler 16GB USB 2.0",477.93,64.71
TEC-MA-10000423,"Texas Instruments TI-34 Scientific Calculator",204.51,64.65
OFF-PA-10001667,"Great White Multi-Use Recycled Paper (20Lb. and 84 Bright)",169.83,64.58
OFF-LA-10000240,"Self-Adhesive Address Labels for Typewriters by Universal",153.51,64.4
OFF-BI-10001628,"Acco Data Flex Cable Posts For Top & Bottom Load Binders, 6" Capacity",287.87,64.14
FUR-CH-10003061,"Advantus Push Pins",1448.84,63.89
OFF-PA-10004983,"Xerox 23",141.26,63.76
OFF-EN-10002986,"Atlantic Metals Mobile 3-Shelf Bookcases, Custom Colors",176.29,63.75
OFF-ST-10000760,"Eldon Fold 'N Roll Cart System",301.97,63.75
OFF-AR-10002952,"Stanley Contemporary Battery Pencil Sharpeners",293.7,63.01
OFF-PA-10001639,"Xerox 203",143.86,62.99
TEC-AC-10001998,"Eldon Portable Mobile Manager",207.9,62.77
OFF-ST-10003455,"Tenex File Box, Personal Filing Tote with Lid, Black",338.12,62.66
OFF-AP-10004336,"Conquest 14 Commercial Heavy-Duty Upright Vacuum, Collection System, Accessory Kit",546.82,61.52
OFF-PA-10000743,"Xerox 1977",130.93,61.46
FUR-FU-10001095,"DAX Black Cherry Wood-Tone Poster Frame",455.46,61.43
OFF-EN-10001990,"Staple envelope",130.64,61.4
FUR-FU-10002157,"Artistic Insta-Plaque",156.8,61.15
OFF-PA-10001838,"Adams Telephone Message Book W/Dividers/Space For Phone Numbers, 5 1/4"X8 1/2", 300/Messages",132.89,60.92
OFF-PA-10001800,"Xerox 220",145.15,60.91
OFF-PA-10004285,"Xerox 1959",133.6,60.65
OFF-PA-10004451,"Xerox 222",134.78,60.65
OFF-PA-10000300,"Xerox 1936",155.84,60.54
OFF-AP-10004859,"Acco 6 Outlet Guardian Premium Surge Suppressor",432.43,60.42
OFF-PA-10002893,"Wirebound Service Call Books, 5 1/2" x 4"",125.84,60.4
TEC-MA-10003173,"Hewlett-Packard 300S Scientific Calculator",131.1,60.31
OFF-FA-10000624,"OIC Binder Clips",128.16,60.14
TEC-PH-10001299,"Polycom CX300 Desktop Phone USB VoIP phone",1679.89,60
OFF-BI-10000320,"GBC Plastic Binding Combs",172.69,59.78
OFF-AR-10004344,"Bulldog Vacuum Base Pencil Sharpener",330.92,59.59
OFF-PA-10004041,"It's Hot Message Books with Stickers, 2 3/4" x 5"",161.32,59.57
OFF-ST-10000136,"Letter Size File",341.42,59.55
OFF-ST-10004946,"Desktop 3-Pocket Hot File",259.68,59.51
OFF-PA-10000312,"Xerox 1955",182.72,59.38
OFF-PA-10002036,"Xerox 1930",138.67,59.36
OFF-AR-10002818,"Panasonic KP-310 Heavy-Duty Electric Pencil Sharpener",197.82,59.35
OFF-FA-10000621,"OIC Colored Binder Clips, Assorted Sizes",139.62,59.28
FUR-FU-10003464,"Seth Thomas 8 1/2" Cubicle Clock",210.91,59.22
OFF-PA-10002250,"Things To Do Today Pad",138.53,59.17
OFF-BI-10001191,"Canvas Sectional Post Binders",422.64,59.07
OFF-ST-10002444,"Recycled Eldon Regeneration Jumbo File",235.78,58.94
OFF-AR-10003179,"Dixon Ticonderoga Core-Lock Colored Pencils",229.57,58.67
OFF-BI-10004728,"Wilson Jones Turn Tabs Binder Tool for Ring Binders",212.08,58.51
TEC-PH-10001433,"Cisco Small Business SPA 502G VoIP phone",882.1,58.46
TEC-AC-10002305,"KeyTronic E03601U1 - Keyboard - Beige",324,58.32
OFF-AP-10000358,"Avery Hidden Tab Dividers for Binding Systems",436.13,58.28
FUR-FU-10000771,"Eldon 200 Class Desk Accessories, Smoke",138.16,58.03
OFF-ST-10000344,"Neat Ideas Personal Hanging Folder Files, Black",276.66,58.02
TEC-AC-10002345,"HP Standard 104 key PS/2 Keyboard",275.5,58
OFF-PA-10004438,"Xerox 1907",122.8,57.72
OFF-BI-10004965,"Ibico Covers for Plastic or Wire Binding Elements",184,57.5
TEC-AC-10000991,"Sony Micro Vault Click 8 GB USB 2.0 Flash Drive",582.68,57.33
OFF-AP-10004708,"Fellowes Superior 10 Outlet Split Surge Protector",867.77,57.09
OFF-BI-10000829,"Avery Non-Stick Binders",141.88,57.02
OFF-PA-10004621,"Xerox 212",141.26,57.02
OFF-PA-10001569,"Novimex Turbo Task Chair",120.53,56.51
FUR-FU-10003975,"Eldon Advantage Chair Mats for Low to Medium Pile Carpets",563.03,56.3
OFF-PA-10001534,"Xerox 230",127.01,56.25
OFF-ST-10001172,"Tennsco Lockers, Sand",407.01,56.23
FUR-FU-10000246,"Aluminum Document Frame",244.4,56.21
OFF-PA-10002870,"Ampad Phone Message Book, Recycled, 400 Message Capacity, 5 ¾ x 11",124.8,56.16
FUR-FU-10002597,"C-Line Magnetic Cubicle Keepers, Clear Polypropylene",136.34,56.12
FUR-FU-10002088,"Nu-Dell Float Frame 11 x 14 1/2",170.62,56.04
TEC-MA-10002790,"NeatDesk Desktop Scanner & Digital Filing System",479.99,56
OFF-PA-10004040,"Universal Premium White Copier/Laser Paper (20Lb. and 87 Bright)",129.17,55.97
FUR-FU-10003691,"Eldon Image Series Desk Accessories, Ebony",180.31,55.82
OFF-BI-10003460,"Acco 3-Hole Punch",137.53,55.54
OFF-AP-10001563,"Belkin Premiere Surge Master II 8-outlet surge protector",952.17,55.38
OFF-AP-10003099,"Eureka Hand Vacuum, Bagless",197.72,55.36
OFF-AR-10001683,"Easy-staple paper",171.39,55.36
OFF-PA-10000246,"Riverleaf Stik-Withit Designer Note Cubes",136.82,55.33
OFF-ST-10004258,"Portable Personal File Box",224.66,55.31
OFF-BI-10003982,"Wilson Jones Century Plastic Molded Ring Binders",583.64,55.25
OFF-BI-10002215,"Wilson Jones Hanging View Binder, White, 1""",143.42,55.24
FUR-FU-10003976,"DAX Executive Solid Wood Document Frame, Desktop or Hang, Mahogany, 5 x 7",196.25,55.1
OFF-LA-10002945,"Permanent Self-Adhesive File Folder Labels for Typewriters, 1 1/8 x 3 1/2, White",153.72,55.06
TEC-PH-10000702,"Square Credit Card Reader, 4 1/2" x 4 1/2" x 1", White",197.8,54.85
FUR-TA-10001086,"SAFCO PlanMaster Boards, 60w x 37-1/2d, White Melamine",2979,54.72
OFF-LA-10004484,"Avery 476",137.12,54.6
FUR-CH-10002961,"Leather Task Chair, Black",1437.48,54.59
OFF-PA-10001593,"Xerox 1947",136.34,54.12
OFF-PA-10000174,"Message Book, Wirebound, Four 5 1/2" X 4" Forms/Pg., 200 Dupl. Sets/Book",152.14,54.07
OFF-AR-10003514,"4009 Highlighters by Sanford",171.14,53.81
OFF-PA-10001471,"Strathmore Photo Frame Cards",116.96,53.8
TEC-AC-10001383,"Logitech Wireless Touch Keyboard K400",364.85,53.73
OFF-AP-10001962,"Black & Decker Filter for Double Action Dustbuster Cordless Vac BLDV7210",229.89,53.7
OFF-AR-10001860,"BIC Liqua Brite Liner",173.5,53.58
OFF-ST-10001031,"Adjustable Personal File Tote",270.25,53.4
TEC-AC-10003499,"Memorex Mini Travel Drive 8 GB USB 2.0 Flash Drive",194.54,53.27
OFF-AP-10003217,"Eureka Sanitaire  Commercial Upright",1524.53,53.03
OFF-LA-10003766,"Self-Adhesive Removable Labels",110.25,52.92
OFF-PA-10003363,"Xerox 204",110.16,52.88
FUR-FU-10000794,"Eldon Stackable Tray, Side-Load, Legal, Smoke",155.38,52.83
TEC-AC-10004708,"Sony 32GB Class 10 Micro SDHC R40 Memory Card",251.4,52.79
TEC-AC-10004420,"Cherry 142-key Programmable Keyboard",479.72,52.77
OFF-PA-10000349,"Easy-staple paper",118.52,52.54
FUR-FU-10000010,"DAX Value U-Channel Document Frames, Easel Back",175.94,52.48
FUR-FU-10000719,"DAX Cubicle Frames, 8-1/2 x 11",145.69,52.45
OFF-BI-10004233,"GBC Pre-Punched Binding Paper, Plastic, White, 8-1/2" x 11"",310.21,52.45
TEC-AC-10000303,"Logitech M510 Wireless Mouse",239.94,52.39
OFF-EN-10001141,"Manila Recycled Extra-Heavyweight Clasp Envelopes, 6" x 9"",125.17,52.37
TEC-PH-10004700,"PowerGen Dual USB Car Charger",127.87,52.35
OFF-PA-10002479,"Xerox 4200 Series MultiUse Premium Copy Paper (20Lb. and 84 Bright)",139.39,52.27
OFF-EN-10002312,"#10 Self-Seal White Envelopes",108.68,52.12
OFF-ST-10003996,"Letter/Legal File Tote with Clear Snap-On Lid, Black Granite",218.42,52.03
OFF-PA-10003883,"Message Book, Phone, Wirebound Standard Line Memo, 2 3/4" X 5"",119.21,52.01
OFF-LA-10002475,"Avery 519",121.35,51.61
OFF-LA-10001934,"Avery 516",109.65,51.54
OFF-ST-10002205,"File Shuttle I and Handi-File",262.67,51.42
OFF-FA-10003112,Staples,146.75,51.28
FUR-FU-10000305,"Tenex V2T-RE Standard Weight Series Chair Mat, 45" x 53", Lip 25" x 12"",468.47,51.11
OFF-ST-10004186,"Stur-D-Stor Shelving, Vertical 5-Shelf: 72"H x 36""W x 18 1/2""D"",2552.54,51.05
OFF-ST-10000649,"Hanging Personal Folder File",251.2,51.03
OFF-PA-10000289,"Xerox 213",111.46,50.8
OFF-BI-10004970,"ACCOHIDE 3-Ring Binder, Blue, 1"",147.03,50.72
OFF-AP-10003884,"Fellowes Smart Surge Ten-Outlet Protector, Platinum",180.66,50.58
OFF-AP-10001366,"Staple holder",186.66,50.4
TEC-AC-10002335,"Logitech Media Keyboard K200",503.86,50.39
TEC-PH-10002350,"Apple EarPods with Remote and Mic",251.91,50.38
OFF-ST-10000885,"Fellowes Desktop Hanging File Manager",201.45,50.36
OFF-PA-10002464,"HP Office Recycled Paper (20Lb. and 87 Bright)",106.35,50.34
FUR-FU-10001940,"Staple-based wall hangings",219.7,50.31
OFF-BI-10000174,"Wilson Jones Clip & Carry Folder Binder Tool for Ring Binders, Clear",191.98,50.23
OFF-BI-10004826,"JM Magazine Binder",204.72,50.19
OFF-SU-10004884,"Acme Galleria Hot Forged Steel Scissors with Colored Handles",195.05,49.86
OFF-AR-10001468,"Sanford Prismacolor Professional Thick Lead Art Pencils, 36-Color Set",209.66,49.8
OFF-AR-10003727,"Berol Giant Pencil Sharpener",254.85,49.78
TEC-MA-10003674,"Hewlett-Packard Deskjet 5550 Printer",597.13,49.76
OFF-BI-10001524,"GBC Premium Transparent Covers with Diagonal Lined Pattern",780.46,49.51
OFF-PA-10000587,"Plastic Binding Combs",106.29,49.5
FUR-FU-10000221,"Master Caster Door Stop, Brown",176.78,49.38
OFF-BI-10001922,"Storex Dura Pro Binders",153.25,49.36
OFF-LA-10001641,"Avery 518",106.47,49.14
FUR-CH-10000422,"Global Highback Leather Tilter in Burgundy",2647.81,49.13
OFF-PA-10002606,"Xerox 1928",124.61,49.1
OFF-PA-10004569,"Wirebound Message Books, Two 4 1/4" x 5" Forms per Page",109.58,49.08
OFF-ST-10000129,"Fellowes Recycled Storage Drawers",1287.95,48.85
OFF-LA-10001613,"Avery File Folder Labels",113.47,48.84
FUR-FU-10001037,"DAX Charcoal/Nickel-Tone Document Frame, 5 x 7",168.74,48.82
OFF-AP-10001303,"Holmes Cool Mist Humidifier for the Whole House with 8-Gallon Output per Day, Extended Life Filter",147.26,48.76
OFF-AR-10002656,"Sanford Liquid Accent Highlighters",149.63,48.63
FUR-BO-10003660,"Bush Cubix Collection Bookcases, Fully Assembled",729.23,48.62
OFF-PA-10001994,"Ink Jet Note and Greeting Cards, 8-1/2" x 5-1/2" Card Size",121.39,48.56
OFF-BI-10003684,"Wilson Jones Legal Size Ring Binders",532.16,48.38
TEC-MA-10002109,"HP Officejet Pro 8600 e-All-In-One Printer, Copier, Scanner, Fax",449.97,48
OFF-AP-10003266,"Holmes Replacement Filter for HEPA Air Cleaner, Large Room",151.06,47.98
OFF-PA-10000327,"Xerox 1971",113.85,47.94
OFF-ST-10002352,"Iris Project Case",225.04,47.88
OFF-BI-10004654,"High-Back Leather Manager's Chair",214.57,47.87
FUR-FU-10001918,"C-Line Cubicle Keepers Polyproplyene Holder With Velcro Backings",137.17,47.73
OFF-PA-10000304,"Ibico Standard Transparent Covers",121.82,47.69
FUR-FU-10004963,"Eldon 400 Class Desk Accessories, Black Carbon",159.25,47.6
OFF-PA-10002246,"Wirebound Four 2-3/4 x 5 Forms per Page, 400 Sets per Book",119.97,47.6
FUR-CH-10002780,"Office Star - Task Chair with Contemporary Loop Arms",600.47,47.31
TEC-AC-10001552,"Logitech K350 2.4Ghz Wireless Keyboard",1154.66,47.28
OFF-PA-10000791,"Wirebound Message Books, Four 2 3/4 x 5 Forms per Page, 200 Sets per Book",115.43,47.22
OFF-PA-10002615,"Ampad Gold Fibre Wirebound Steno Books, 6" x 9", Gregg Ruled",106.72,47.19
OFF-PA-10000210,"Xerox Blank Computer Paper",99.9,46.95
OFF-PA-10004255,"Xerox 219",97.2,46.66
OFF-PA-10004782,"Xerox 228",97.2,46.66
FUR-FU-10001487,"Eldon Expressions Wood and Plastic Desk Accessories, Cherry Wood",160.54,46.56
OFF-PA-10002787,"Xerox 227",120.53,46.4
FUR-FU-10000293,"Eldon Antistatic Chair Mats for Low to Medium Pile Carpets",1431.94,46.33
OFF-PA-10000520,"Xerox 201",110.16,46.14
OFF-PA-10003072,"Eureka Recycled Copy Paper 8 1/2" x 11", Ream",110.16,46.14
OFF-BI-10002072,"Cardinal Slant-D Ring Binders",119.92,46.06
TEC-PH-10004100,"Griffin GC17055 Auxiliary Audio Cable",395.78,46.05
TEC-PH-10003357,"Grandstream GXP2100 Mainstream Business Phone",596.62,45.89
TEC-PH-10001536,"Spigen Samsung Galaxy S5 Case Wallet",234.46,45.87
OFF-SU-10004261,"Fiskars 8" Scissors, 2/Pack",217.22,45.86
OFF-PA-10003845,"Xerox 1987",92.48,45.32
OFF-PA-10001745,"Wirebound Message Books, 2 7/8" x 5", 3 Forms per Page",108.42,44.99
TEC-MA-10003066,"Wasp CCD Handheld Bar Code Reader",336.51,44.87
OFF-ST-10001291,"Tenex Personal Self-Stacking Standard File Box, Black/Gray",229.98,44.81
FUR-FU-10001706,"Global Leather Task Chair, Black",115.19,44.72
FUR-FU-10002960,"Eldon 200 Class Desk Accessories, Burgundy",135.65,44.59
OFF-AR-10004691,"Boston 1730 StandUp Electric Pencil Sharpener",171.04,44.47
TEC-PH-10000675,"Panasonic KX TS3282B Corded phone",590.33,44.27
FUR-FU-10003724,"Westinghouse Clip-On Gooseneck Lamps",279.56,44.19
OFF-ST-10003722,"Project Tote Personal File",193.61,44.19
FUR-CH-10002304,"Global Stack Chair without Arms, Black",901.51,44.17
OFF-PA-10004610,"Xerox 1900",105.29,44.08
OFF-PA-10001892,"Rediform Wirebound "Phone Memo" Message Book, 11 x 5-3/4",110.02,43.78
OFF-AP-10003040,"Fellowes 8 Outlet Superior Workstation Surge Protector w/o Phone/Fax/Modem Protection",665.68,43.71
OFF-AR-10000034,"BIC Brite Liner Grip Highlighters, Assorted, 5/Pack",118.72,43.71
OFF-PA-10003893,"Xerox 1962",109.57,43.66
OFF-PA-10001937,"Xerox 21",124.42,43.55
OFF-PA-10002586,"Xerox 1970",101.59,43.53
OFF-BI-10003476,"Avery Metallic Poly Binders",135.8,43.43
OFF-PA-10001526,"Xerox 1949",114.54,43.43
OFF-LA-10002034,"Avery 478",88.38,43.31
OFF-FA-10000134,"Advantus Push Pins, Aluminum Head",139.44,43.23
TEC-MA-10002937,"Canon Color ImageCLASS MF8580Cdw Wireless Laser All-In-One Printer, Copier, Scanner",1007.98,43.2
TEC-AC-10000580,"Logitech G13 Programmable Gameboard with LCD Display",1039.87,43.19
OFF-LA-10002195,"Avery 481",91.17,43.12
TEC-PH-10000149,"Cisco SPA525G2 IP Phone - Wireless",426.93,43.09
OFF-AR-10002399,"Dixon Prang Watercolor Pencils, 10-Color Set with Brush",110.76,42.9
OFF-AR-10001958,"Stanley Bostitch Contemporary Electric Pencil Sharpeners",275.08,42.79
FUR-FU-10003142,"Master Big Foot Doorstop, Beige",152.06,42.77
OFF-LA-10000305,"Avery 495",97.02,42.59
TEC-AC-10004510,"Logitech Desktop MK120 Mouse and keyboard Combo",778.74,42.54
OFF-LA-10002787,"Avery 480",89.25,42.45
TEC-AC-10004209,"Memorex Froggy Flash Drive 4 GB",136.28,42.42
OFF-EN-10001028,"Staple envelope",100.63,42.41
OFF-AP-10004249,"Staple holder",234.61,42.37
OFF-BI-10000404,"Avery Printable Repositionable Plastic Tabs",115.24,42.31
FUR-FU-10002456,"Master Caster Door Stop, Large Neon Orange",154.34,42.3
FUR-FU-10000409,"GE 4 Foot Flourescent Tube, 40 Watt",98.87,42.24
OFF-BI-10001900,"DXL Angle-View Binders with Locking Rings, Black",124.59,42.05
TEC-AC-10003614,"Verbatim 25 GB 6x Blu-ray Single Layer Recordable Disc, 10/Pack",150.67,41.96
FUR-FU-10003731,"Eldon Expressions Wood and Plastic Desk Accessories, Oak",149.7,41.92
FUR-FU-10003878,"Linden 10" Round Wall Clock, Black",253.65,41.87
TEC-PH-10003988,"C-Line Peel & Stick Add-On Filing Pockets, 8-3/4 x 5-1/8, 10/Pack",261.6,41.86
OFF-LA-10000407,"Avery White Multi-Purpose Labels",95.62,41.83
OFF-AP-10003860,"Fellowes Advanced 8 Outlet Surge Suppressor with Phone/Fax Protection",244.29,41.64
OFF-BI-10001617,"GBC Wire Binding Combs",184.05,41.57
OFF-AP-10002082,"Holmes HEPA Air Purifier",239.58,41.38
OFF-LA-10003148,"Avery 51",95.76,41.33
OFF-PA-10003177,"Flexible Leather- Look Classic Collection Ring Binder",98.5,41.21
OFF-BI-10003707,"Aluminum Screw Posts",354.03,41.2
FUR-CH-10003981,"Global Commerce Series Low-Back Swivel/Tilt Chairs",4420.06,41.12
OFF-PA-10003309,"Xerox 211",104.98,40.95
OFF-PA-10002709,"Xerox 1956",89.7,40.9
OFF-PA-10004675,"Tenex Traditional Chairmats for Medium Pile Carpet, Standard Lip, 36" x 48"""",99.06,40.77
OFF-PA-10002751,"Xerox 1920",89.7,40.36
OFF-PA-10003001,"Xerox 1986",85.5,40.35
TEC-PH-10004959,"Classic Ivory Antique Telephone ZL1810",341.67,40.2
OFF-BI-10000088,"GBC Imprintable Covers",241.56,39.97
OFF-BI-10002437,"Recycled Premium Regency Composition Covers",110.02,39.88
OFF-ST-10004950,"Acco Perma 3000 Stacking Storage Drawers",652.62,39.84
OFF-LA-10003223,"Avery 508",87.4,39.82
FUR-FU-10002379,"Eldon Econocleat Chair Mats for Low Pile Carpets",331.76,39.81
FUR-FU-10002396,"DAX Copper Panel Document Frame, 5 x 7 Size",171.09,39.75
OFF-PA-10003349,"Xerox 1957",95.9,39.72
OFF-LA-10000121,"Avery 48",90.72,39.69
OFF-PA-10001260,"TOPS Money Receipt Book, Consecutively Numbered in Red,",88.11,39.65
OFF-ST-10001580,"Super Decoflex Portable Personal File",179.76,39.55
OFF-EN-10002600,"Redi-Strip #10 Envelopes, 4 1/8 x 9 1/2",93.22,39.53
OFF-PA-10004971,"Xerox 196",92.48,39.42
OFF-BI-10003984,"Lock-Up Easel 'Spel-Binder'",704.69,39.37
OFF-AR-10004062,"Staples in misc. colors",157.2,39.3
OFF-PA-10002947,"Xerox 1923",94.86,39.28
FUR-FU-10000732,"Eldon 200 Class Desk Accessories",133.14,39.19
OFF-PA-10002365,"Xerox 1967",89.42,38.88
OFF-AR-10003045,"Prang Colored Pencils",90.55,38.81
OFF-BI-10003963,"Cardinal Holdit Data Disk Pockets",100.46,38.73
FUR-FU-10002554,"Westinghouse Floor Lamp with Metal Mesh Shade, Black",167.93,38.62
OFF-PA-10000029,"Xerox 224",95.9,38.62
